tile,idx,ra,dec,fwhm,xc_centroid,yc_centroid,ellipticity_centroid,elongation_centroid,orientation_centroid,xc_asymmetry,yc_asymmetry,ellipticity_asymmetry,elongation_asymmetry,orientation_asymmetry,flux_circ,flux_ellip,rpetro_circ,rpetro_ellip,rmax_circ,rmax_ellip,rhalf_circ,rhalf_ellip,r20,r50,r80,gini,m20,gini_m20_bulge,gini_m20_merger,sn_per_pixel,concentration,asymmetry,smoothness,substructure,multimode,intensity,deviation,rms_asymmetry2,outer_asymmetry,shape_asymmetry,aiso_22.0,aiso_22.5,aiso_23.0,aiso_23.5,aiso_24.0,aiso_24.5,aiso_25.0,aiso_25.5,aiso_26.0,sersic_amplitude,sersic_rhalf,sersic_n,sersic_xc,sersic_yc,sersic_ellip,sersic_theta,sersic_chi2_dof,sersic_aic,sersic_bic,sky_mean,sky_median,sky_sigma,xmin_stamp,ymin_stamp,xmax_stamp,ymax_stamp,nx_stamp,ny_stamp,flag,flag_sersic
000.227,1,0.1006451,23.2756548,0.54,34.20979149767655,34.111193868216084,0.20871647489576173,1.26376951910918,-0.6489400739261107,33.033301473868335,34.9590385696349,0.22385505998278632,1.2884191449831799,-0.646603902807478,41713.13956378323,41840.33913986743,13.275830575392249,14.954309543431739,31.856111165765917,31.932173425367502,6.633411426232007,7.513888523958675,3.0634386154512345,6.372452021231962,10.641303244628869,0.4856314117564922,-1.5697793721896875,-0.46826740687791,-0.06442423509543932,1103.0334,2.7039281849074595,0.21778395868942838,0.12822201552357285,0.057950843403903905,0.004784688995215311,0.16959461631997802,0.1804092280197472,0.1139527347222353,0.1904246969137317,0.377397628278562,0.33695652173913043,0.2743682310469314,0.20418848167539266,0.2376237623762376,0.18795888399412627,0.20305676855895197,0.31260229132569556,0.370138017565872,0.3901673640167364,78.72357880570956,7.5570977851007,1.4667711488920832,32.56005632371558,34.73887641969608,0.31378760247412263,2.365927719576768,15383.44816416478,45493.45651001235,45538.67049183213,-0.7429266,-0.6380031,4.0901537,0,0,69,69,70,70,0,0
